{"properties": [
  {
    "name": "spring.datasource.testWhileIdle",
    "type": "java.lang.String",
    "description": "A description for 'spring.datasource.testWhileIdle'"
  },
  {
    "name": "spring.datasource.validationQuery",
    "type": "java.lang.String",
    "description": "A description for 'spring.datasource.validationQuery'"
  },
  {
    "name": "spring.jpa.hibernate.naming-strategy",
    "type": "java.lang.String",
    "description": "A description for 'spring.jpa.hibernate.naming-strategy'"
  }
]}